{
  "lang":"en",
  "name":"pipeline",
  "version":"0.0.0",
  "spacy_version":">=3.5.1,<3.6.0",
  "description":"",
  "author":"",
  "email":"",
  "url":"",
  "license":"",
  "spacy_git_version":"Unknown",
  "vectors":{
    "width":300,
    "vectors":514157,
    "keys":514157,
    "name":"en_vectors",
    "mode":"default"
  },
  "labels":{
    "tok2vec":[

    ],
    "ner":[
      "CARDINAL",
      "DATE",
      "EMAIL",
      "EVENT",
      "FAC",
      "GPE",
      "HARDWARE",
      "ID",
      "LANGUAGE",
      "LAW",
      "LOC",
      "MONEY",
      "NON_TECH_ISSUE",
      "NON_TECH_RESOLUTION",
      "NORP",
      "ORDINAL",
      "ORG",
      "PERCENT",
      "PERSON",
      "PHONE",
      "PRODUCT",
      "QUANTITY",
      "SHORT_FORM",
      "SOFTWARE",
      "SPEC",
      "TECH_ISSUE",
      "TECH_RESOLUTION",
      "TIME",
      "WORK_OF_ART"
    ]
  },
  "pipeline":[
    "tok2vec",
    "ner"
  ],
  "components":[
    "tok2vec",
    "ner"
  ],
  "disabled":[

  ],
  "performance":{
    "ents_f":0.9906005739,
    "ents_p":0.9912871287,
    "ents_r":0.9899149693,
    "ents_per_type":{
      "PERSON":{
        "p":1.0,
        "r":1.0,
        "f":1.0
      },
      "HARDWARE":{
        "p":0.9985007496,
        "r":0.997005988,
        "f":0.997752809
      },
      "PRODUCT":{
        "p":0.9929515419,
        "r":0.9973451327,
        "f":0.9951434879
      },
      "GPE":{
        "p":1.0,
        "r":1.0,
        "f":1.0
      },
      "LOC":{
        "p":1.0,
        "r":1.0,
        "f":1.0
      },
      "ORG":{
        "p":0.9989528796,
        "r":0.9989528796,
        "f":0.9989528796
      },
      "MONEY":{
        "p":1.0,
        "r":1.0,
        "f":1.0
      },
      "QUANTITY":{
        "p":0.9888888889,
        "r":0.9971988796,
        "f":0.9930264993
      },
      "NON_TECH_ISSUE":{
        "p":0.9367816092,
        "r":0.9760479042,
        "f":0.9560117302
      },
      "CARDINAL":{
        "p":1.0,
        "r":0.9972826087,
        "f":0.9986394558
      },
      "PERCENT":{
        "p":1.0,
        "r":0.9622641509,
        "f":0.9807692308
      },
      "ORDINAL":{
        "p":1.0,
        "r":1.0,
        "f":1.0
      },
      "SOFTWARE":{
        "p":0.9962546816,
        "r":0.9779411765,
        "f":0.987012987
      },
      "DATE":{
        "p":0.9919678715,
        "r":0.9919678715,
        "f":0.9919678715
      },
      "TIME":{
        "p":0.9634146341,
        "r":1.0,
        "f":0.9813664596
      },
      "LAW":{
        "p":1.0,
        "r":1.0,
        "f":1.0
      },
      "TECH_ISSUE":{
        "p":0.9720496894,
        "r":0.9427710843,
        "f":0.9571865443
      },
      "NORP":{
        "p":1.0,
        "r":1.0,
        "f":1.0
      },
      "TECH_RESOLUTION":{
        "p":0.9591836735,
        "r":0.9591836735,
        "f":0.9591836735
      },
      "SPEC":{
        "p":0.9782608696,
        "r":0.989010989,
        "f":0.9836065574
      },
      "NON_TECH_RESOLUTION":{
        "p":1.0,
        "r":1.0,
        "f":1.0
      },
      "WORK_OF_ART":{
        "p":1.0,
        "r":1.0,
        "f":1.0
      },
      "ID":{
        "p":1.0,
        "r":0.7391304348,
        "f":0.85
      },
      "LANGUAGE":{
        "p":1.0,
        "r":1.0,
        "f":1.0
      },
      "EVENT":{
        "p":1.0,
        "r":0.9166666667,
        "f":0.9565217391
      },
      "SHORT_FORM":{
        "p":1.0,
        "r":1.0,
        "f":1.0
      },
      "PHONE":{
        "p":1.0,
        "r":1.0,
        "f":1.0
      },
      "FAC":{
        "p":1.0,
        "r":1.0,
        "f":1.0
      },
      "EMAIL":{
        "p":1.0,
        "r":1.0,
        "f":1.0
      }
    },
    "tok2vec_loss":54287.1708638668,
    "ner_loss":1175148.7450067997
  }
}