{
  "lang":"en",
  "name":"pipeline",
  "version":"0.0.0",
  "spacy_version":">=3.5.1,<3.6.0",
  "description":"",
  "author":"",
  "email":"",
  "url":"",
  "license":"",
  "spacy_git_version":"8153bd573",
  "vectors":{
    "width":300,
    "vectors":514157,
    "keys":514157,
    "name":"en_vectors",
    "mode":"default"
  },
  "labels":{
    "tok2vec":[

    ],
    "ner":[
      "CARDINAL",
      "DATE",
      "EMAIL",
      "EVENT",
      "FAC",
      "GPE",
      "HARDWARE",
      "ID",
      "LANGUAGE",
      "LAW",
      "LOC",
      "MONEY",
      "NON_TECH_ISSUE",
      "NON_TECH_RESOLUTION",
      "NORP",
      "ORDINAL",
      "ORG",
      "PERCENT",
      "PERSON",
      "PHONE",
      "PRODUCT",
      "QUANTITY",
      "SHORT_FORM",
      "SOFTWARE",
      "SPEC",
      "TECH_ISSUE",
      "TECH_RESOLUTION",
      "TIME",
      "WORK_OF_ART"
    ]
  },
  "pipeline":[
    "tok2vec",
    "ner"
  ],
  "components":[
    "tok2vec",
    "ner"
  ],
  "disabled":[

  ],
  "performance":{
    "ents_f":0.4858962693,
    "ents_p":0.5522233713,
    "ents_r":0.4337936637,
    "ents_per_type":{
      "CARDINAL":{
        "p":0.5744680851,
        "r":0.6279069767,
        "f":0.6
      },
      "QUANTITY":{
        "p":0.0588235294,
        "r":1.0,
        "f":0.1111111111
      },
      "DATE":{
        "p":0.7683615819,
        "r":0.7351351351,
        "f":0.7513812155
      },
      "ORG":{
        "p":0.7805755396,
        "r":0.7862318841,
        "f":0.7833935018
      },
      "GPE":{
        "p":0.6923076923,
        "r":0.6923076923,
        "f":0.6923076923
      },
      "PRODUCT":{
        "p":0.3195876289,
        "r":0.4769230769,
        "f":0.3827160494
      },
      "SHORT_FORM":{
        "p":0.3125,
        "r":0.1612903226,
        "f":0.2127659574
      },
      "HARDWARE":{
        "p":0.4777777778,
        "r":0.288590604,
        "f":0.359832636
      },
      "ID":{
        "p":0.2727272727,
        "r":0.2727272727,
        "f":0.2727272727
      },
      "SOFTWARE":{
        "p":0.3684210526,
        "r":0.2413793103,
        "f":0.2916666667
      },
      "NON_TECH_ISSUE":{
        "p":0.0869565217,
        "r":0.0392156863,
        "f":0.0540540541
      },
      "TECH_ISSUE":{
        "p":0.1612903226,
        "r":0.0446428571,
        "f":0.0699300699
      },
      "PERCENT":{
        "p":1.0,
        "r":1.0,
        "f":1.0
      },
      "PERSON":{
        "p":0.2608695652,
        "r":0.1333333333,
        "f":0.1764705882
      },
      "NORP":{
        "p":0.6,
        "r":0.4285714286,
        "f":0.5
      },
      "MONEY":{
        "p":0.4545454545,
        "r":0.3125,
        "f":0.3703703704
      },
      "TECH_RESOLUTION":{
        "p":0.0,
        "r":0.0,
        "f":0.0
      },
      "ORDINAL":{
        "p":0.5882352941,
        "r":0.8333333333,
        "f":0.6896551724
      },
      "TIME":{
        "p":0.55,
        "r":0.4074074074,
        "f":0.4680851064
      },
      "FAC":{
        "p":0.0,
        "r":0.0,
        "f":0.0
      },
      "NON_TECH_RESOLUTION":{
        "p":0.1,
        "r":0.05,
        "f":0.0666666667
      },
      "LAW":{
        "p":0.0,
        "r":0.0,
        "f":0.0
      },
      "EVENT":{
        "p":0.0,
        "r":0.0,
        "f":0.0
      },
      "SPEC":{
        "p":0.0,
        "r":0.0,
        "f":0.0
      },
      "LOC":{
        "p":1.0,
        "r":0.2,
        "f":0.3333333333
      },
      "PHONE":{
        "p":0.0,
        "r":0.0,
        "f":0.0
      }
    },
    "tok2vec_loss":1960.5854506493,
    "ner_loss":17097.6402960956
  }
}