{
  "lang":"en",
  "name":"pipeline",
  "version":"0.0.0",
  "spacy_version":">=3.5.1,<3.6.0",
  "description":"",
  "author":"",
  "email":"",
  "url":"",
  "license":"",
  "spacy_git_version":"Unknown",
  "vectors":{
    "width":300,
    "vectors":514157,
    "keys":514157,
    "name":"en_vectors",
    "mode":"default"
  },
  "labels":{
    "tok2vec":[

    ],
    "ner":[
      "CARDINAL",
      "DATE",
      "EMAIL",
      "EVENT",
      "FAC",
      "GPE",
      "HARDWARE",
      "ID",
      "LANGUAGE",
      "LAW",
      "LOC",
      "MONEY",
      "NON_TECH_ISSUE",
      "NON_TECH_RESOLUTION",
      "NORP",
      "ORDINAL",
      "ORG",
      "PERCENT",
      "PERSON",
      "PHONE",
      "PRODUCT",
      "QUANTITY",
      "SHORT_FORM",
      "SOFTWARE",
      "SPEC",
      "TECH_ISSUE",
      "TECH_RESOLUTION",
      "TIME",
      "WORK_OF_ART"
    ]
  },
  "pipeline":[
    "tok2vec",
    "ner"
  ],
  "components":[
    "tok2vec",
    "ner"
  ],
  "disabled":[

  ],
  "performance":{
    "ents_f":0.974266906,
    "ents_p":0.9828939424,
    "ents_r":0.9657899941,
    "ents_per_type":{
      "PERSON":{
        "p":1.0,
        "r":1.0,
        "f":1.0
      },
      "HARDWARE":{
        "p":0.9908396947,
        "r":0.9715568862,
        "f":0.9811035525
      },
      "PRODUCT":{
        "p":0.9929328622,
        "r":0.9946902655,
        "f":0.9938107869
      },
      "GPE":{
        "p":1.0,
        "r":1.0,
        "f":1.0
      },
      "LOC":{
        "p":1.0,
        "r":1.0,
        "f":1.0
      },
      "ORG":{
        "p":0.9989451477,
        "r":0.9916230366,
        "f":0.9952706253
      },
      "MONEY":{
        "p":0.976744186,
        "r":0.976744186,
        "f":0.976744186
      },
      "QUANTITY":{
        "p":0.9944134078,
        "r":0.9971988796,
        "f":0.9958041958
      },
      "CARDINAL":{
        "p":1.0,
        "r":0.9972826087,
        "f":0.9986394558
      },
      "PERCENT":{
        "p":1.0,
        "r":1.0,
        "f":1.0
      },
      "ORDINAL":{
        "p":1.0,
        "r":1.0,
        "f":1.0
      },
      "SOFTWARE":{
        "p":0.9962962963,
        "r":0.9889705882,
        "f":0.9926199262
      },
      "TIME":{
        "p":0.8387096774,
        "r":0.9873417722,
        "f":0.9069767442
      },
      "DATE":{
        "p":1.0,
        "r":0.9397590361,
        "f":0.9689440994
      },
      "LAW":{
        "p":0.9230769231,
        "r":0.9230769231,
        "f":0.9230769231
      },
      "TECH_ISSUE":{
        "p":0.926910299,
        "r":0.8403614458,
        "f":0.8815165877
      },
      "NORP":{
        "p":1.0,
        "r":1.0,
        "f":1.0
      },
      "NON_TECH_ISSUE":{
        "p":0.8951048951,
        "r":0.7664670659,
        "f":0.8258064516
      },
      "TECH_RESOLUTION":{
        "p":0.8222222222,
        "r":0.7551020408,
        "f":0.7872340426
      },
      "SPEC":{
        "p":1.0,
        "r":0.978021978,
        "f":0.9888888889
      },
      "NON_TECH_RESOLUTION":{
        "p":0.7,
        "r":0.7,
        "f":0.7
      },
      "WORK_OF_ART":{
        "p":1.0,
        "r":1.0,
        "f":1.0
      },
      "ID":{
        "p":0.9375,
        "r":0.652173913,
        "f":0.7692307692
      },
      "LANGUAGE":{
        "p":1.0,
        "r":1.0,
        "f":1.0
      },
      "EVENT":{
        "p":0.9230769231,
        "r":1.0,
        "f":0.96
      },
      "SHORT_FORM":{
        "p":1.0,
        "r":1.0,
        "f":1.0
      },
      "PHONE":{
        "p":1.0,
        "r":1.0,
        "f":1.0
      },
      "FAC":{
        "p":1.0,
        "r":1.0,
        "f":1.0
      },
      "EMAIL":{
        "p":1.0,
        "r":1.0,
        "f":1.0
      }
    },
    "tok2vec_loss":70400.2775542736,
    "ner_loss":1237515.540733099
  }
}